--
-- Script was generated by Devart dbForge Data Generator for MySQL, Version 2.2.33.0
-- Product Home Page: http://www.devart.com/dbforge/mysql/data-generator
-- Script date 1/1/2020 11:26:07 PM
-- Target server version: 5.5.5-10.1.37-MariaDB
-- Target connection string: User Id=root;Host=localhost;Database=erp;Character Set=utf8
--



SET NAMES 'utf8';
USE erp;
--
-- -- Disable foreign keys
--
/*!40014 SET @OLD_FOREIGN_KEY_CHECKS=@@FOREIGN_KEY_CHECKS, FOREIGN_KEY_CHECKS=0 */;

--
-- Dropping constraints from employee
--
ALTER TABLE erp.employee 
   DROP FOREIGN KEY employee_ibfk_1;
ALTER TABLE erp.employee 
   DROP FOREIGN KEY employee_ibfk_2;
ALTER TABLE erp.employee 
   DROP FOREIGN KEY employee_ibfk_4;
ALTER TABLE erp.employee 
   DROP FOREIGN KEY employee_ibfk_5;
ALTER TABLE erp.employee 
   DROP FOREIGN KEY employee_ibfk_6;

--
-- Dropping constraints from dependent
--
ALTER TABLE erp.dependent 
   DROP FOREIGN KEY dependent_ibfk_1;

--
-- Dropping constraints from emergency_contact
--
ALTER TABLE erp.emergency_contact 
   DROP FOREIGN KEY emergency_contact_ibfk_1;

--
-- Dropping constraints from employee_contact_no
--
ALTER TABLE erp.employee_contact_no 
   DROP FOREIGN KEY employee_contact_no_ibfk_1;

--
-- Dropping constraints from employee_custom_attributes
--
ALTER TABLE erp.employee_custom_attributes 
   DROP FOREIGN KEY employee_custom_attributes_ibfk_1;
ALTER TABLE erp.employee_custom_attributes 
   DROP FOREIGN KEY employee_custom_attributes_ibfk_2;

--
-- Dropping constraints from employee_email
--
ALTER TABLE erp.employee_email 
   DROP FOREIGN KEY employee_email_ibfk_1;

--
-- Dropping constraints from `leave`
--
ALTER TABLE erp.`leave` 
   DROP FOREIGN KEY leave_ibfk_1;
ALTER TABLE erp.`leave` 
   DROP FOREIGN KEY leave_ibfk_2;

--
-- Dropping constraints from pay_grade_leave
--
ALTER TABLE erp.pay_grade_leave 
   DROP FOREIGN KEY pay_grade_leave_ibfk_1;
ALTER TABLE erp.pay_grade_leave 
   DROP FOREIGN KEY pay_grade_leave_ibfk_2;
--
-- Delete data from the table 'pay_grade_leave'
--
TRUNCATE TABLE pay_grade_leave;
--
-- Delete data from the table 'leave'
--
TRUNCATE TABLE `leave`;
--
-- Delete data from the table 'employee_email'
--
TRUNCATE TABLE employee_email;
--
-- Delete data from the table 'employee_custom_attributes'
--
TRUNCATE TABLE employee_custom_attributes;
--
-- Delete data from the table 'employee_contact_no'
--
TRUNCATE TABLE employee_contact_no;
--
-- Delete data from the table 'emergency_contact'
--
TRUNCATE TABLE emergency_contact;
--
-- Delete data from the table 'dependent'
--
TRUNCATE TABLE dependent;
--
-- Delete data from the table 'employee'
--
TRUNCATE TABLE employee;
--
-- Delete data from the table 'pay_grade'
--
TRUNCATE TABLE pay_grade;
--
-- Delete data from the table 'leave_type'
--
TRUNCATE TABLE leave_type;
--
-- Delete data from the table 'job_title'
--
TRUNCATE TABLE job_title;
--
-- Delete data from the table 'employment_status'
--
TRUNCATE TABLE employment_status;
--
-- Delete data from the table 'department'
--
TRUNCATE TABLE department;
--
-- Delete data from the table 'custom_attribute'
--
TRUNCATE TABLE custom_attribute;

--
-- Inserting data into table custom_attribute
--
BEGIN;
INSERT INTO custom_attribute(attribute) VALUES
('Nationality'),
('');

--
-- Inserting data into table department
--
INSERT INTO department(dept_name) VALUES
('Executive'),
('Research and Development'),
('Facilities'),
('Manufacturing'),
('Customer Support'),
('Information Technology'),
('Marketing'),
('Sales'),
('Operations'),
('Consulting'),
('Finance'),
('Human Resources');

--
-- Inserting data into table employment_status
--
INSERT INTO employment_status(employment_status) VALUES
('Freelance'),
('Trainee'),
('Permanent-FullTime'),
('Permanent-PartTime'),
('Contract-PartTime'),
('Contract-FullTime');

--
-- Inserting data into table job_title
--
INSERT INTO job_title(job_title, access_level) VALUES
('Director of Manufacturing', 'L2'),
('Technical Specialist', 'L2'),
('Lead Engineer', 'L1'),
('Director of Customer Support', 'L2'),
('Communication Engineer', 'L2'),
('Director of Information Technology', 'L1'),
('Product Manager', 'L1'),
('Developer/Programmer', 'L2'),
('Development Manager', 'L2'),
('Technical Manager', 'L2'),
('Communication Analyst', 'L1'),
('Secretary', 'L2'),
('Vice President', 'L2'),
('Business Analyst', 'L2'),
('Technician', 'L1'),
('Specialist', 'L1'),
('Chief Technology Officer', 'L1'),
('Business Coordinator', 'L2'),
('Training Manager', 'L1'),
('Application Engineer', 'L1'),
('Technical  Manager', 'L1'),
('Marketing Manager', 'L1'),
('Support Engineer', 'L1'),
('Assistant Vice President', 'L2'),
('Branch Manager', 'L2'),
('QA Engineer', 'L1'),
('Chief Financial Officer', 'L1'),
('Service Engineer', 'L1'),
('Senior Specialist', 'L1'),
('Purchasing Agent', 'L1'),
('Finance Controller', 'L1'),
('Senior Designer', 'L2'),
('Project Leader', 'L1'),
('Controller', 'L1'),
('Assistant', 'L2'),
('Chief Information Officer', 'L2'),
('Senior Accountant', 'L2'),
('Senior Consultant', 'L2'),
('Director of Consulting', 'L1'),
('Revenue Manager', 'L2'),
('Board Member', 'L1'),
('Communication Manager', 'L1'),
('Technical Director', 'L2'),
('Regional Manager', 'L1'),
('Support Manager', 'L1'),
('Contract Manager', 'L2'),
('Network Administrator', 'L2'),
('Development Engineer', 'L1'),
('Communication Consultant', 'L2'),
('Logistics Manager', 'L2');

--
-- Inserting data into table leave_type
--
INSERT INTO leave_type(leave_type) VALUES
('No-Pay'),
('Annual'),
('Casual'),
('Sick');

--
-- Inserting data into table pay_grade
--
INSERT INTO pay_grade(pay_grade) VALUES
('Grade-1'),
('Grade-2'),
('Grade-4'),
('Grade-3');

--
-- Inserting data into table employee
--
INSERT INTO employee(employee_id, first_name, last_name, nic, gender, addr_house_no, addr_line_1, addr_line_2, addr_city, dob, marital_status, employment_status, active_status, job_title, dept_name, pay_grade, supervisor_id) VALUES
('84641IS2VLEKG3M', 'Trent', 'Hanes', '196683280238', 'Male', '382', '7th FL', 'Flats 3-8', 'Eleva', '1997-04-02', 'Married', 'Permanent-FullTime', 1, 'Technical Manager', 'Research and Development', 'Grade-1', 'S4N96X1273H3961'),
('J39521A3D579IL1', 'Camila', 'Evers', '203517193901', 'Male', '300', '60th FL', 'Railway Arch 5', 'Lonoke', '1960-03-22', 'Married', 'Freelance', 1, 'Technical Manager', 'Executive', 'Grade-3', '7MZGX7J3736P11U'),
('S4N96X1273H3961', 'Ada', 'Haney', '193822109864', 'Female', '150', '70th Floor', 'Suite 4', 'Zuni', '1967-05-10', 'Single', 'Permanent-FullTime', 1, 'Communication Analyst', 'Human Resources', 'Grade-1', 'W9A4111U813717'),
('71RGT1644NME7B', 'Kim', 'Herbert', '205800216083', 'Female', '81', '54th FL', '', 'Porterville', '1991-01-16', 'Single', 'Permanent-FullTime', 1, 'Development Engineer', 'Facilities', 'Grade-2', 'KT46M89K7MAN3YZ'),
('KW74KC15W1UYB1T', 'Jonas', 'Ewing', '204471635980', 'Male', '503', '57th FL', 'Unit 2-7, First Floo', 'Houma', '1969-06-30', 'Married', 'Trainee', 1, 'Assistant', 'Executive', 'Grade-3', 'D8M152S83B9ZI73'),
('3WM9J7852F3T6PT', 'Jazmin', 'Shelley', '201890464753', 'Male', '5', '56th Floor', 'Flat 4', 'Block Island', '1967-01-07', 'Married', 'Freelance', 1, 'Assistant', 'Human Resources', 'Grade-2', '9WVPU49G7QHDIF8'),
('ED6PLO5LBEA657N', 'Christen', 'Vallejo', '204878518354', 'Male', '575', '5th Floor', 'Railway Arch 3', 'Lonsdale', '1967-09-17', 'Married', 'Trainee', 0, 'Product Manager', 'Human Resources', 'Grade-4', '9WVPU49G7QHDIF8'),
('73O2P6F76SIC9UO', 'Maragaret', 'Shelton', '203313593577', 'Female', '4', '91th FL', 'Suite 56', 'Hackettstown', '1960-01-04', 'Single', 'Freelance', 0, 'Communication Engineer', 'Consulting', 'Grade-1', 'JE1Z6215A16857'),
('RC3DB69N1TXCZS', 'Norbert', 'Clements', '197135661298', 'Male', '3', '5th FL', 'Railway Arch 8', 'Coloma', '1986-02-17', 'Married', 'Trainee', 1, 'Senior Specialist', 'Human Resources', 'Grade-1', '9WVPU49G7QHDIF8'),
('941FL243C1QR8BJ', 'Abbie', 'Hankins', '206231433959', 'Male', '533', '8th Floor', 'Railway Arch 8', 'Elfers', '1960-01-01', 'Single', 'Freelance', 1, 'Business Analyst', 'Manufacturing', 'Grade-4', '2DBVK1NSNM812OB'),
('SJ44S4C696PB7L4', 'Melvin', 'Larson', '209124609631', 'Female', '658', '80th Floor', 'Railway Arch 80', 'Haddam', '1982-12-25', 'Married', 'Freelance', 0, 'Finance Controller', 'Consulting', 'Grade-4', 'GD75R3N5CTELH37'),
('B5JM3Y6RNQ2L9H2', 'Sebastian', 'Blackwood', '191962857175', 'Male', '042', '77th FL', 'Railway Arch 20', 'Blomkest', '1960-01-06', 'Married', 'Contract-PartTime', 1, 'Chief Information Officer', 'Research and Development', 'Grade-1', '6A657QRR764KF6K'),
('7MZGX7J3736P11U', 'Graig', 'Heredia', '207558071962', 'Male', '1', '65th FL', '', 'Elgin', '1977-12-16', 'Married', 'Permanent-PartTime', 1, 'Vice President', 'Consulting', 'Grade-4', 'B5JM3Y6RNQ2L9H2'),
('E9F6BQA34REY2S7', 'Korey', 'Ezell', '202863873600', 'Female', '8', '8th FL', 'Arch 7', 'Colome', '1999-07-12', 'Single', 'Permanent-FullTime', 1, 'Technical  Manager', 'Finance', 'Grade-3', '9WVPU49G7QHDIF8'),
('24H3QN82IF9L1M', 'Zackary', 'Clemmons', '194807942769', 'Male', '40', '8th Floor', 'Flats 4-6', 'Haddon Heights', '1996-03-03', 'Single', 'Trainee', 1, 'Technical  Manager', 'Facilities', 'Grade-3', '6A657QRR764KF6K'),
('9R9NK99QD67PW5', 'Adah', 'Blaine', '209212883892', 'Male', '8', '65th FL', 'Unit 4-9', 'Newburg', '1960-01-04', 'Married', 'Freelance', 1, 'Director of Manufacturing', 'Customer Support', 'Grade-1', 'ED6PLO5LBEA657N'),
('GZ619466BLC8E96', 'Scott', 'Clemons', '208299055482', 'Male', '615', '57th Floor', 'Railway Arch 23C', 'Porthill', '1961-03-10', 'Single', 'Contract-PartTime', 1, 'Finance Controller', 'Operations', 'Grade-1', 'JZ71BQ9BQ6DSITP'),
('71NZ6Y1CXW62Z1', 'Millie', 'Blair', '208784630475', 'Female', '2', '94th Floor', 'Suite 19', 'Elida', '1961-04-09', 'Married', 'Permanent-PartTime', 1, 'Senior Designer', 'Human Resources', 'Grade-2', '71RGT1644NME7B'),
('31AF73Z352XV995', 'Spencer', 'Valles', '201094356645', 'Male', '80', 'First Security Build', 'Railway Arch 45C', 'Williams', '1975-05-23', 'Married', 'Contract-PartTime', 0, 'Application Engineer', 'Information Technology', 'Grade-4', 'JZ71BQ9BQ6DSITP'),
('6A657QRR764KF6K', 'Allen', 'Shepard', '200993687023', 'Female', '900', '6th FL', 'Railway Arch 97', 'Housatonic', '2001-07-06', 'Married', 'Permanent-FullTime', 1, 'Communication Manager', 'Information Technology', 'Grade-1', 'J39521A3D579IL1'),
('2DBVK1NSNM812OB', 'Adalberto', 'Larue', '190385825204', 'Female', '435', '69th FL', 'Flats 3-6', 'Loogootee', '1960-02-07', 'Married', 'Freelance', 1, 'Business Coordinator', 'Consulting', 'Grade-3', '9WVPU49G7QHDIF8'),
('L6WU531NGEKRPZ', 'Erwin', 'Mcclure', '205238154788', 'Male', '513', '88th Floor', 'Railway Arch 77', 'Bloomdale', '1986-03-28', 'Single', 'Freelance', 1, 'Director of Manufacturing', 'Finance', 'Grade-4', '7GX4RNV3APTT3TO'),
('JZ71BQ9BQ6DSITP', 'Cleveland', 'Hanks', '200277553015', 'Female', '494', '6th Floor', 'Railway Arch 71', 'Suttons Bay', '1987-03-01', 'Single', 'Permanent-PartTime', 1, 'Development Engineer', 'Executive', 'Grade-3', '1ZUF9U4U3V45RF9'),
('6T4W68VJ38I2LWA', 'Myrtis', 'Cleveland', '200887447160', 'Male', '21', 'Bartlett Bldg', 'Arch 23', 'Haddonfield', '2000-07-12', 'Single', 'Permanent-FullTime', 1, 'Regional Manager', 'Executive', 'Grade-3', 'ED6PLO5LBEA657N'),
('IO4IOQ99O981121', 'Ambrose', 'Herman', '196449054023', 'Male', '463', '67th Floor', 'Flat 5', 'House Springs', '1970-08-16', 'Married', 'Freelance', 1, 'Senior Accountant', 'Sales', 'Grade-2', '9WVPU49G7QHDIF8'),
('193FC492I7P34C7', 'Consuelo', 'Faber', '207951497493', 'Male', '660', '9th Floor', 'Railway Arch 99', 'Williams Bay', '1960-01-10', 'Single', 'Permanent-PartTime', 1, 'Director of Customer Support', 'Consulting', 'Grade-4', 'P9897561152PQIM'),
('3M3TD5KS12246C', 'Mitchell', 'Lash', '203654652011', 'Female', '561', '8th Floor', 'Railway Arch 7', 'Colon', '2002-11-20', 'Married', 'Permanent-FullTime', 1, 'Controller', 'Information Technology', 'Grade-4', 'R38M1MML8Y6W58'),
('9WVPU49G7QHDIF8', 'Myron', 'Van', '195065411619', 'Male', '754', '53th FL', 'Flats 1-7', 'Newburgh', '1960-02-21', 'Divorced', 'Contract-PartTime', 1, 'QA Engineer', 'Manufacturing', 'Grade-1', '9WVPU49G7QHDIF8'),
('2EPEKTL636A3QN9', 'Miki', 'Hermann', '207510315029', 'Female', '408', '7th FL', 'Railway Arch 96C', 'Lookeba', '1998-12-21', 'Single', 'Trainee', 1, 'Director of Consulting', 'Consulting', 'Grade-1', 'WZNPE62G8MIFFOB'),
('R38M1MML8Y6W58', 'Alina', 'Pannell', '204344116486', 'Male', '431', '70th FL', 'Railway Arch 86B', 'Bloomer', '1969-10-18', 'Single', 'Permanent-FullTime', 1, 'Senior Accountant', 'Executive', 'Grade-2', 'R38M1MML8Y6W58'),
('EGT6744B58H48K5', 'Celina', 'Hanley', '205291198557', 'Female', '5', '71th FL', 'Railway Arch 32B', 'Houston', '1965-09-10', 'Married', 'Contract-FullTime', 1, 'Application Engineer', 'Manufacturing', 'Grade-2', '9WVPU49G7QHDIF8'),
('1ZUF9U4U3V45RF9', 'Claude', 'Blais', '203605581256', 'Male', '36', '72th FL', 'Railway Arch 50B', 'Eliot', '1976-09-13', 'Single', 'Contract-PartTime', 1, 'Director of Manufacturing', 'Finance', 'Grade-4', 'KW74KC15W1UYB1T'),
('W9A4111U813717', 'Aiko', 'Lassiter', '190599333736', 'Male', '573', 'Apartment 570', 'Arch 1', 'Portland', '1988-02-20', 'Single', 'Contract-FullTime', 0, 'Director of Manufacturing', 'Human Resources', 'Grade-1', 'ZV7E21396Q6YL8G'),
('H9TX2V6962B395', 'Allan', 'Fagan', '201745019376', 'Male', '9', 'STE 214', 'Railway Arch 4', 'Colonia', '1960-01-03', 'Single', 'Contract-PartTime', 1, 'Controller', 'Information Technology', 'Grade-4', '71NZ6Y1CXW62Z1'),
('MOU913Y9M68J753', 'Alvin', 'Hernandez', '199404699905', 'Male', '619', '9th FL', 'Railway Arch 2', 'Bloomfield', '2000-02-06', 'Single', 'Permanent-FullTime', 1, 'Product Manager', 'Consulting', 'Grade-3', 'GZ619466BLC8E96'),
('ZV7E21396Q6YL8G', 'Tilda', 'Hanlon', '191008298564', 'Male', '727', '6th FL', 'Railway Arch 9', 'Colonial Beach', '1960-02-23', 'Divorced', 'Permanent-PartTime', 1, 'Product Manager', 'Consulting', 'Grade-4', 'RC3DB69N1TXCZS'),
('GD75R3N5CTELH37', 'Ada', 'Clevenger', '199474104218', 'Male', '751', '52th FL', 'Railway Arch 4', 'Bloomfield Hills', '1961-11-14', 'Divorced', 'Permanent-PartTime', 1, 'Contract Manager', 'Operations', 'Grade-1', '193FC492I7P34C7'),
('D8M152S83B9ZI73', 'Jerold', 'Fahey', '205539577915', 'Female', '627', '84th Floor', '', 'Newbury', '1979-08-09', 'Single', 'Contract-PartTime', 1, 'Business Coordinator', 'Consulting', 'Grade-2', 'KW74KC15W1UYB1T'),
('KT46M89K7MAN3YZ', 'Donnie', 'Hanna', '200385532592', 'Male', '435', '81th FL', 'Railway Arch 90', 'Portola', '1961-12-14', 'Divorced', 'Permanent-PartTime', 0, 'Development Manager', 'Information Technology', 'Grade-3', 'EGT6744B58H48K5'),
('WZNPE62G8MIFFOB', 'Delmer', 'Blake', '206824520636', 'Female', '3', '8th FL', 'Railway Arch 5', 'Colonial Heights', '1979-02-28', 'Married', 'Permanent-FullTime', 1, 'Technician', 'Information Technology', 'Grade-2', 'G219X6A6PN51Q5O'),
('527Y4PPRXLR8916', 'Jacqulyn', 'Shephard', '193620519999', 'Female', '2', '83th Floor', 'Unit 31-47', 'Suwanee', '1960-01-06', 'Single', 'Trainee', 1, 'Training Manager', 'Consulting', 'Grade-4', '24H3QN82IF9L1M'),
('3ZFX7WFD1WQ27IZ', 'Suzi', 'Fain', '201274575103', 'Male', '31', '7th Floor', 'Flats 1-7', 'Newbury Park', '1993-06-28', 'Single', 'Permanent-PartTime', 1, 'Technical  Manager', 'Consulting', 'Grade-1', '6A657QRR764KF6K'),
('P9897561152PQIM', 'Jamaal', 'Mccollum', '205440375775', 'Female', '53', '7th FL', 'Railway Arch 43', 'Portola Valley', '1961-05-10', 'Single', 'Permanent-FullTime', 1, 'Lead Engineer', 'Manufacturing', 'Grade-2', 'Y4YTBLD4M5V3DG4'),
('49W85174RX1J6RO', 'Zetta', 'Hannah', '206259431248', 'Male', '359', '45th FL', 'Railway Arch 9', 'Newburyport', '1960-01-14', 'Married', 'Contract-FullTime', 1, 'Chief Information Officer', 'Customer Support', 'Grade-3', '193FC492I7P34C7'),
('G219X6A6PN51Q5O', 'Adolph', 'Vanburen', '206916580767', 'Female', '5', '62th FL', 'Unit 32-36, Ground F', 'Lookout', '1974-03-08', 'Married', 'Trainee', 1, 'Finance Controller', 'Customer Support', 'Grade-2', 'JFE8G725L9LQP7'),
('JE1Z6215A16857', 'Deandre', 'Fairbanks', '190458184156', 'Female', '302', '46th FL', 'Arch 90', 'Houtzdale', '1971-06-08', 'Married', 'Contract-FullTime', 1, 'Marketing Manager', 'Human Resources', 'Grade-3', 'J39521A3D579IL1'),
('XZ1VJ4ALT58R6XK', 'Holli', 'Click', '196376010014', 'Male', '01', '68th Floor', 'Suite 2', 'Hadley', '1973-09-28', 'Married', 'Permanent-PartTime', 1, 'Finance Controller', 'Operations', 'Grade-1', 'H9TX2V6962B395'),
('7GX4RNV3APTT3TO', 'Santo', 'Blakely', '207251333804', 'Female', '6', '6th Floor', 'Unit 23-39, Level 2', 'Elizabeth', '1961-09-13', 'Single', 'Contract-PartTime', 1, 'Regional Manager', 'Information Technology', 'Grade-1', 'H9TX2V6962B395'),
('Y4YTBLD4M5V3DG4', 'Omega', 'Shepherd', '205328598717', 'Male', '728', '9th Floor', 'Unit 2-9', 'Lookout Mountain', '1978-12-22', 'Married', 'Contract-PartTime', 1, 'Communication Engineer', 'Research and Development', 'Grade-3', 'G219X6A6PN51Q5O'),
('JFE8G725L9LQP7', 'Adolfo', 'Vance', '190501612898', 'Male', '3', '4th Floor', 'Railway Arch 3', 'Hagerman', '1975-12-23', 'Married', 'Contract-FullTime', 1, 'Director of Manufacturing', 'Facilities', 'Grade-3', '3ZFX7WFD1WQ27IZ');

--
-- Inserting data into table dependent
--
INSERT INTO dependent(nic, employee_id, first_name, last_name, relationship, addr_house_no, addr_line_1, addr_line_2, addr_city, contact_no, email) VALUES
('196662242286', 'XZ1VJ4ALT58R6XK', 'Catherina', 'Franklin', 'Son', '621', '9th FL', 'Railway Arch 8', 'Evarts', '163-4942485', 'Jerold_Overstreet872@example.com'),
('207366627371', 'RC3DB69N1TXCZS', 'Emilio', 'Houser', 'Father', '975', '77th Floor', '', 'Zuni', '+339033869729', 'ArndtY74@nowhere.com'),
('206961199742', '71NZ6Y1CXW62Z1', 'Kenneth', 'Mccracken', 'Mother', '112', '3rd Floor', 'Railway Arch 1', 'Hayes', '960-5761804', 'Abney3@nowhere.com'),
('205729965118', '71RGT1644NME7B', 'Carmelina', 'Swenson', 'Mother', '247', '4th FL', 'Suite 1', 'Le Mars', '4797553292', 'CharissaJSchmid55@example.com'),
('198737755476', '9WVPU49G7QHDIF8', 'Pamila', 'Parish', 'Daughter', '050', '257 Towers Building', 'Railway Arch 24', 'Rio Hondo', '4874568669', 'zhmjzjpe.wssz@nowhere.com'),
('194326991971', 'JFE8G725L9LQP7', 'Allen', 'Yarbrough', 'Father', '21', '51th FL', '', 'Wildomar', '+809156182800', 'Velasquez2@nowhere.com'),
('208983428542', 'G219X6A6PN51Q5O', 'Tobias', 'Littlejohn', 'Mother', '4', '72th Floor', 'Railway Arch 7', 'Surrey', '228-9465773', 'Cushman@nowhere.com'),
('192598782869', '7GX4RNV3APTT3TO', 'Adriana', 'Houston', 'Daughter', '8', '8th FL', 'Railway Arch 68B', 'Eveleth', '3659293265', 'Schneider@example.com'),
('192746264161', 'JE1Z6215A16857', 'Rachell', 'Chong', 'Father', '46', 'Plaza Building', 'Railway Arch 97A', 'Olive Hill', '648-4126036', 'cqkx89@nowhere.com'),
('203297538742', 'JZ71BQ9BQ6DSITP', 'Lorrine', 'Littleton', 'Son', '5', '75th Floor', 'Railway Arch 99', 'Berkeley Springs', '337-2712966', 'King@example.com'),
('205263916126', '7MZGX7J3736P11U', 'Abel', 'Howard', 'Mother', '04', '7th FL', 'Arch 5', 'Wildrose', '6602136249', 'AmosTijerina48@example.com'),
('197961778136', '31AF73Z352XV995', 'Adam', 'Lively', 'Other', '514', '8th Floor', 'Railway Arch 7', 'Hayes Center', '319-9226313', 'Martino@example.com'),
('194599313355', '3ZFX7WFD1WQ27IZ', 'Weston', 'Howe', 'Other', '038', '6th Floor', 'Railway Arch 3', 'Clarksdale', '5340784958', 'Abbott@example.com'),
('197848137744', 'E9F6BQA34REY2S7', 'Freddie', 'Best', 'Father', '4', '69th FL', 'Railway Arch 7', 'Rio Linda', '+881449464380', 'BradleyX.Short89@example.com'),
('199922934155', '6A657QRR764KF6K', 'Harry', 'Mccrary', 'Father', '858', '62th FL', 'Railway Arch 7B', 'Oliver Springs', '238-1426700', 'ksvr43@example.com'),
('205241616552', 'Y4YTBLD4M5V3DG4', 'Jackson', 'Chow', 'Daughter', '823', '6th Floor', 'Railway Arch 6', 'Berkley', '2021210142', 'rsvme0@example.com'),
('198916211789', '24H3QN82IF9L1M', 'Kareem', 'Swift', 'Daughter', '725', '4th Floor', 'Railway Arch 6C', 'Rio Oso', '4059108660', 'RaisaBooker@example.com'),
('192527249312', 'GD75R3N5CTELH37', 'Kimiko', 'Culpepper', 'Father', '84', '4th Floor', 'Railway Arch 4', 'Moose Lake', '+600629448167', 'ShakitaBlackmon@example.com'),
('205113353114', 'P9897561152PQIM', 'Charlene', 'Franks', 'Father', '7', '5th FL', 'Railway Arch 3', 'Le Roy', '8196555017', 'Guzman698@example.com'),
('199489685186', '2DBVK1NSNM812OB', 'Vania', 'Culver', 'Other', '963', '3rd FL', 'Flat 12', 'Olivet', '0680615156', 'CyrilCrawford372@example.com'),
('204951813594', '2EPEKTL636A3QN9', 'Isaac', 'Yates', 'Mother', '389', '8th FL', 'Railway Arch 69', 'Surry', '875-7182205', 'obzfhvfe.dkgluf@example.com'),
('192145323949', 'D8M152S83B9ZI73', 'Bev', 'Livingston', 'Daughter', '4', '5th FL', 'Unit 34-39, Ground F', 'Clarkson', '218-0050475', 'JacquelyneCheek789@example.com'),
('205348426636', '941FL243C1QR8BJ', 'Etha', 'Swisher', 'Mother', '2', '42th FL', 'Flats A-E', 'Evensville', '3649415639', 'Abbott@example.com'),
('195892237487', '9R9NK99QD67PW5', 'Allen', 'Betancourt', 'Mother', '985', '7th Floor', 'Flats 3-7', 'Mooseheart', '8557520081', 'MargaritoUAugust@nowhere.com'),
('207215859577', 'KW74KC15W1UYB1T', 'Randal', 'Christensen', 'Daughter', '8', 'APT 993', '', 'Berkshire', '5647682306', 'Chaya_O.Abel751@nowhere.com'),
('206516619476', 'SJ44S4C696PB7L4', 'Thresa', 'Bethea', 'Mother', '29', '7th FL', '', 'Hayesville', '5371078886', 'Nanette_Marble@example.com'),
('192189822715', '6T4W68VJ38I2LWA', 'Eric', 'Howell', 'Son', '9', '5th Floor', 'Railway Arch 5', 'Wildwood', '+652568215800', 'ValarieRuby@nowhere.com'),
('206612285745', 'R38M1MML8Y6W58', 'Sandy', 'Yazzie', 'Daughter', '1', '7th Floor', 'Railway Arch 83C', 'Rio Rancho', '+565167653398', 'Leigh_Saucedo429@example.com'),
('201887467276', 'IO4IOQ99O981121', 'Bradly', 'Christenson', 'Other', '634', '97th FL', 'Flat 1', 'Clarkston', '453-2797587', 'Henry18@example.com'),
('204179572156', 'L6WU531NGEKRPZ', 'Abigail', 'Bethel', 'Other', '99', '8th Floor', 'Suite 63', 'Everest', '4246202596', 'ChantelleAcevedo82@example.com'),
('202768376649', '49W85174RX1J6RO', 'Reggie', 'Frantz', 'Father', '9', '4th Floor', 'Arch 1', 'Susanville', '+932844643130', 'AdrianYanez291@example.com'),
('199117853488', '3WM9J7852F3T6PT', 'Tommy', 'Lloyd', 'Father', '03', '6th FL', 'Flats 4-6', 'Olivia', '4858133987', 'Christinia.Pritchard9@nowhere.com'),
('208515832816', 'EGT6744B58H48K5', 'Nicolle', 'Switzer', 'Father', '35', '61th FL', 'Flat 66', 'Wilkes Barre', '860-0383678', 'Marvel.Knott3@nowhere.com'),
('194672471939', 'KT46M89K7MAN3YZ', 'Laurence', 'Christian', 'Father', '629', '48th Floor', 'Railway Arch 2C', 'Le Sueur', '5464845648', 'Fitzgerald@example.com'),
('201833559863', '193FC492I7P34C7', 'Keely', 'Cummings', 'Son', '053', '6th FL', 'Railway Arch 1', 'Susquehanna', '3378207645', 'NathanaelAntoine@example.com'),
('195129793355', '1ZUF9U4U3V45RF9', 'Kenton', 'Betts', 'Other', '561', '6th FL', 'Suite 76', 'Rio Rico', '635-4713033', 'KristopherAbel@example.com'),
('192249863943', 'GZ619466BLC8E96', 'Jessie', 'Park', 'Mother', '946', '9th FL', 'Suite 29', 'Olmsted Falls', '9366745286', 'ymtk6233@example.com'),
('207136258486', 'B5JM3Y6RNQ2L9H2', 'Ulrike', 'Mccray', 'Mother', '853', '4th FL', 'Suite 2', 'Moosic', '9531949920', 'Herrmann@example.com'),
('208852733124', '84641IS2VLEKG3M', 'Delbert', 'Howerton', 'Son', '5', '9th FL', 'Railway Arch 81B', 'Lead', '+353181989479', 'CarrollWhelan@example.com'),
('195948228829', 'H9TX2V6962B395', 'Adela', 'Parker', 'Mother', '866', '91th Floor', 'Unit A3A, Ground Flo', 'Hayfield', '392-3284072', 'Vanesa_Chism314@nowhere.com'),
('208183938446', 'WZNPE62G8MIFFOB', 'Christian', 'Ybarra', 'Mother', '0', '80th Floor', 'Flats 3-6', 'Moosup', '2370303574', 'Tobin55@nowhere.com'),
('206683355573', '3M3TD5KS12246C', 'Cheryle', 'Christiansen', 'Son', '104', '95th FL', 'Flat 3', 'Wilkesboro', '318-5124648', 'PenaO93@example.com'),
('204879467166', 'W9A4111U813717', 'Wayne', 'Betz', 'Father', '625', '6th Floor', 'Railway Arch 2A', 'Lead Hill', '2794960216', 'Abbott392@example.com'),
('199375675724', 'ED6PLO5LBEA657N', 'Scottie', 'Sykes', 'Daughter', '8', '45th FL', 'Railway Arch 5', 'Rio Verde', '5574777092', 'Gifford7@example.com'),
('206628722992', 'MOU913Y9M68J753', 'Mariann', 'Locke', 'Daughter', '832', '5th FL', 'Railway Arch 9', 'Olney', '1248335249', 'Christian8@example.com'),
('205168267484', '527Y4PPRXLR8916', 'Victoria', 'Mccreary', 'Father', '047', '5th FL', 'Railway Arch 4', 'Berlin', '+491686958166', 'IlanaAdkins@example.com'),
('206345214711', 'ZV7E21396Q6YL8G', 'Adalberto', 'Christianson', 'Daughter', '2', '6th Floor', 'Railway Arch 4', 'Rio Vista', '081-5621758', 'Burchett439@example.com'),
('202712831379', 'J39521A3D579IL1', 'Harry', 'Howland', 'Other', '2', '6th FL', 'Flat 24', 'Everett', '668-3385479', 'LaticiaEStarkey@nowhere.com'),
('204383728694', '73O2P6F76SIC9UO', 'Penney', 'Parkinson', 'Daughter', '327', '90th Floor', 'Railway Arch 5', 'Mora', '+742604978758', 'Chung_B_Milner@example.com'),
('198622636251', 'S4N96X1273H3961', 'Arthur', 'Beverly', 'Mother', '884', '2nd FL', 'Railway Arch 60A', 'Clarksville', '+260595525204', 'Tracey_Bunch429@example.com');

--
-- Inserting data into table emergency_contact
--
INSERT INTO emergency_contact(nic, employee_id, name, contact_no) VALUES
('205484769931', 'XZ1VJ4ALT58R6XK', 'Hademar Brandt', '682-3331314'),
('195722701623', 'RC3DB69N1TXCZS', 'Erkhild Abich', '+351584512687'),
('199065070993', '71NZ6Y1CXW62Z1', 'Gunde Bering', '1336518717'),
('199626947398', '71RGT1644NME7B', 'Christl abst', '1867589606'),
('198648090058', '9WVPU49G7QHDIF8', 'Tamija Lerch', '6253167524'),
('205641283412', 'JFE8G725L9LQP7', 'Merwin Stuchenberg', '4868548708'),
('209672865626', 'G219X6A6PN51Q5O', 'Hadewin Kesselhut', '+196852191513'),
('202506954022', '7GX4RNV3APTT3TO', 'Herward Manstein', '552-7268401'),
('207300880035', 'JE1Z6215A16857', 'Plektrudis Heidemann', '2718021767'),
('208248600576', 'JZ71BQ9BQ6DSITP', 'Brisko Kleinermann', '369-1796492'),
('193877012390', '7MZGX7J3736P11U', 'Thankmar otmann', '+710919223839'),
('208321064715', '31AF73Z352XV995', 'Erwald Felder', '5686593423'),
('194816452880', '3ZFX7WFD1WQ27IZ', 'Vishna Albrecht', '+183692949031'),
('193673529967', 'E9F6BQA34REY2S7', 'Burkhart Köstlin', '9782531784'),
('190262268524', '6A657QRR764KF6K', 'Thaddäus Kittel', '8511848669'),
('199295712361', 'Y4YTBLD4M5V3DG4', 'Otger Bruner', '+580762620892'),
('193893554338', '24H3QN82IF9L1M', 'Phöbe Kauer', '817-9350921'),
('199793407668', 'GD75R3N5CTELH37', 'Annalisa Engelke', '2281461720'),
('199877313540', 'P9897561152PQIM', 'Freimuth Heckler', '670-5663940'),
('202675634589', '2DBVK1NSNM812OB', 'Christl Kantor', '+199563412914'),
('194947352594', '2EPEKTL636A3QN9', 'Purple orgen', '+819450839370'),
('194396244976', 'D8M152S83B9ZI73', 'Elimar Blumentahl', '+476311273822'),
('205876060293', '941FL243C1QR8BJ', 'Briska Lichtenstein', '+603627918464'),
('209401105417', '9R9NK99QD67PW5', 'Winfried John', '+705749716764'),
('192548164718', 'KW74KC15W1UYB1T', 'Mareke Metzger', '518-4429246'),
('209196894105', 'SJ44S4C696PB7L4', 'Berenike Eichenwald', '+166746253919'),
('200604637644', '6T4W68VJ38I2LWA', 'Rolanda Horkheimer', '+823541476550'),
('194385363585', 'R38M1MML8Y6W58', 'Askanja ockenhaupt', '+849588178756'),
('204431183610', 'IO4IOQ99O981121', 'Felipa Heitsch', '7168274328'),
('199504424849', 'L6WU531NGEKRPZ', 'Berngar Glasenap', '0262321982'),
('201630755042', '49W85174RX1J6RO', 'Merisa Zenner', '137-5851747'),
('206917919807', '3WM9J7852F3T6PT', 'Neidhart Felder', '914-8016593'),
('198094994928', 'EGT6744B58H48K5', 'Heico Lamprecht', '3455296766'),
('203619313720', 'KT46M89K7MAN3YZ', 'Baldur  Simmel', '282-8506352'),
('204346915115', '193FC492I7P34C7', 'Alejna  Stackelberg', '+236739169476'),
('192213054216', '1ZUF9U4U3V45RF9', 'Marlena Hirschmann', '9411904430'),
('191636485565', 'GZ619466BLC8E96', 'Priska Wolf', '435-9715296'),
('196033940604', 'B5JM3Y6RNQ2L9H2', 'Wilfried Bülow', '6429556766'),
('208214392754', '84641IS2VLEKG3M', 'Kensie ack', '6427182172'),
('201260603525', 'H9TX2V6962B395', 'Seraja Siegel', '3421549106'),
('193118125976', 'WZNPE62G8MIFFOB', 'Peider icolai', '+941591142794'),
('209455053600', '3M3TD5KS12246C', 'Annalise Abich', '915-0711902'),
('200584110517', 'W9A4111U813717', 'Freda Dörner', '721-6530319'),
('201585247488', 'ED6PLO5LBEA657N', 'Wigand Abert', '+508245260921'),
('205704399430', 'MOU913Y9M68J753', 'Dörk Drechsler', '512-5221138'),
('194734266789', '527Y4PPRXLR8916', 'Balian  einhold', '7155321837'),
('195601219734', 'ZV7E21396Q6YL8G', 'Adolina  Ulbricht', '+189629697153'),
('204751857028', 'J39521A3D579IL1', 'Abbeygail  chlechter', '063-0893105'),
('203452006462', '73O2P6F76SIC9UO', 'Walther Feldkamp', '+435804892259'),
('204763417842', 'S4N96X1273H3961', 'Felipa Dahrendorf', '+692967189573');

--
-- Inserting data into table employee_contact_no
--
INSERT INTO employee_contact_no(employee_id, contact_no) VALUES
('XZ1VJ4ALT58R6XK', '486-1066114'),
('RC3DB69N1TXCZS', '+518912557416'),
('71NZ6Y1CXW62Z1', '+861988429446'),
('71RGT1644NME7B', '+870929163569'),
('9WVPU49G7QHDIF8', '355-8805022'),
('JFE8G725L9LQP7', '2659633021'),
('G219X6A6PN51Q5O', '3293855803'),
('7GX4RNV3APTT3TO', '996-5244765'),
('JE1Z6215A16857', '9604501543'),
('JZ71BQ9BQ6DSITP', '+328721231656'),
('7MZGX7J3736P11U', '632-5970043'),
('31AF73Z352XV995', '1732734994'),
('3ZFX7WFD1WQ27IZ', '107-3162680'),
('E9F6BQA34REY2S7', '541-0646830'),
('6A657QRR764KF6K', '+922964577921'),
('Y4YTBLD4M5V3DG4', '862-0246301'),
('24H3QN82IF9L1M', '3923286575'),
('GD75R3N5CTELH37', '+764483247774'),
('P9897561152PQIM', '0467130164'),
('2DBVK1NSNM812OB', '024-7815440'),
('2EPEKTL636A3QN9', '405-2237067'),
('D8M152S83B9ZI73', '146-8225633'),
('941FL243C1QR8BJ', '+210316342214'),
('9R9NK99QD67PW5', '8944894507'),
('KW74KC15W1UYB1T', '1997710706'),
('SJ44S4C696PB7L4', '0657019983'),
('6T4W68VJ38I2LWA', '4004052112'),
('R38M1MML8Y6W58', '+309948646122'),
('IO4IOQ99O981121', '011-3736322'),
('L6WU531NGEKRPZ', '641-5939788'),
('49W85174RX1J6RO', '+210526047984'),
('3WM9J7852F3T6PT', '8389998639'),
('EGT6744B58H48K5', '3747957351'),
('KT46M89K7MAN3YZ', '831-8595687'),
('193FC492I7P34C7', '723-8201207'),
('1ZUF9U4U3V45RF9', '+394446101481'),
('GZ619466BLC8E96', '+347751228856'),
('B5JM3Y6RNQ2L9H2', '+143656207931'),
('84641IS2VLEKG3M', '7992415785'),
('H9TX2V6962B395', '453-0076494'),
('WZNPE62G8MIFFOB', '+702884256153'),
('3M3TD5KS12246C', '+911377885583'),
('W9A4111U813717', '+134862676927'),
('ED6PLO5LBEA657N', '+443853587066'),
('MOU913Y9M68J753', '658-0845997'),
('527Y4PPRXLR8916', '294-8841049'),
('ZV7E21396Q6YL8G', '4613798358'),
('J39521A3D579IL1', '510-7845541'),
('73O2P6F76SIC9UO', '9964267161'),
('S4N96X1273H3961', '+191816329271');

--
-- Inserting data into table employee_custom_attributes
--
INSERT INTO employee_custom_attributes(employee_id, attribute, value) VALUES
('6T4W68VJ38I2LWA', 'Nationality', 'had if The would never He'),
('KW74KC15W1UYB1T', 'Nationality', 'day'),
('941FL243C1QR8BJ', '', 'A babies over day your'),
('S4N96X1273H3961', '', 'never persons'),
('24H3QN82IF9L1M', '', 'brown I Easter story they and The if the'),
('193FC492I7P34C7', '', 'song'),
('JZ71BQ9BQ6DSITP', 'Nationality', 'get He am'),
('IO4IOQ99O981121', '', 'if adventure Tooth'),
('6T4W68VJ38I2LWA', '', 'Easter Tooth a if you leave'),
('B5JM3Y6RNQ2L9H2', 'Nationality', 'at make fox it a your day a babies exciting'),
('ED6PLO5LBEA657N', 'Nationality', 'fox'),
('941FL243C1QR8BJ', 'Nationality', 'He'),
('L6WU531NGEKRPZ', '', 'make a'),
('73O2P6F76SIC9UO', '', 'if at on it exciting they Bunny the day Fairy'),
('SJ44S4C696PB7L4', '', 'persons at told your babies never'),
('IO4IOQ99O981121', 'Nationality', 'I chocolate us'),
('73O2P6F76SIC9UO', 'Nationality', 'and it the can babies day ruin'),
('31AF73Z352XV995', 'Nationality', 'them very brown Sundays Easter dog'),
('L6WU531NGEKRPZ', 'Nationality', 'brown it leave'),
('SJ44S4C696PB7L4', 'Nationality', 'you dog and let would get can I told'),
('24H3QN82IF9L1M', 'Nationality', 'brown told over persons'),
('6A657QRR764KF6K', '', 'teeth your Bunny and a at chocolate'),
('3WM9J7852F3T6PT', '', 'very they the had it Sundays I them take get'),
('RC3DB69N1TXCZS', '', 'chocolate Fairy'),
('S4N96X1273H3961', 'Nationality', 'had teeth would A He take ruin'),
('3WM9J7852F3T6PT', 'Nationality', 'never quick and for the can and if for take to'),
('7MZGX7J3736P11U', '', 'they The'),
('9R9NK99QD67PW5', '', 'home'),
('7MZGX7J3736P11U', 'Nationality', 'leave the'),
('B5JM3Y6RNQ2L9H2', '', 'a A a day the and teeth if A song persons make'),
('JZ71BQ9BQ6DSITP', '', 'a or a them Fairy Sundays your the The if'),
('71RGT1644NME7B', '', 'on teeth If A for make they Easter day'),
('9R9NK99QD67PW5', 'Nationality', 'your at at or Sundays brown The'),
('6A657QRR764KF6K', 'Nationality', 'would'),
('E9F6BQA34REY2S7', '', 'Fairy day us and had Tooth the never had us ruin'),
('GZ619466BLC8E96', '', 'let or chocolate for A you a very make'),
('RC3DB69N1TXCZS', 'Nationality', 'Fairy very persons exciting quick'),
('ED6PLO5LBEA657N', '', 'story the'),
('84641IS2VLEKG3M', 'Nationality', 'us I told A or let I can A story the the had'),
('71NZ6Y1CXW62Z1', '', 'Fairy make a the them exciting the'),
('2DBVK1NSNM812OB', '', 'the a and I lazy lazy exciting if am'),
('E9F6BQA34REY2S7', 'Nationality', 'you and or ruin dog Easter teeth told and'),
('GZ619466BLC8E96', 'Nationality', 'they brown for on'),
('71RGT1644NME7B', 'Nationality', 'if would and'),
('71NZ6Y1CXW62Z1', 'Nationality', 'the let story chocolate'),
('2DBVK1NSNM812OB', 'Nationality', 'song A on a never He make a ruin'),
('31AF73Z352XV995', '', 'at would and'),
('J39521A3D579IL1', '', 'it very it jumps to for'),
('KW74KC15W1UYB1T', '', 'at exciting chocolate take take story'),
('J39521A3D579IL1', 'Nationality', 'and brown day fox told ruin fox can babies If had');

--
-- Inserting data into table employee_email
--
INSERT INTO employee_email(employee_id, email) VALUES
('XZ1VJ4ALT58R6XK', 'Stidham@example.com'),
('RC3DB69N1TXCZS', 'MatthewWeaver@nowhere.com'),
('71NZ6Y1CXW62Z1', 'Alexander.Handley82@example.com'),
('71RGT1644NME7B', 'MildaMclain423@example.com'),
('9WVPU49G7QHDIF8', 'Kim49@nowhere.com'),
('JFE8G725L9LQP7', 'Christenson@nowhere.com'),
('G219X6A6PN51Q5O', 'Byrne@example.com'),
('7GX4RNV3APTT3TO', 'Abel69@example.com'),
('JE1Z6215A16857', 'Afton.Rice421@example.com'),
('JZ71BQ9BQ6DSITP', 'Conrad_Tomlin@example.com'),
('7MZGX7J3736P11U', 'RefugioDAbel@nowhere.com'),
('31AF73Z352XV995', 'Ailene_Place215@nowhere.com'),
('3ZFX7WFD1WQ27IZ', 'Zarate@example.com'),
('E9F6BQA34REY2S7', 'Reuben_Palumbo@example.com'),
('6A657QRR764KF6K', 'Margy.Weddle77@nowhere.com'),
('Y4YTBLD4M5V3DG4', 'AlexisSoria@example.com'),
('24H3QN82IF9L1M', 'FranklynMMcgrath@example.com'),
('GD75R3N5CTELH37', 'Liane.Burger@nowhere.com'),
('P9897561152PQIM', 'cglk1351@example.com'),
('2DBVK1NSNM812OB', 'BillyAbney@example.com'),
('2EPEKTL636A3QN9', 'Meade764@example.com'),
('D8M152S83B9ZI73', 'IsmaelAbel@example.com'),
('941FL243C1QR8BJ', 'Luis_Whitfield@example.com'),
('9R9NK99QD67PW5', 'mzffnfrp_oercays@nowhere.com'),
('KW74KC15W1UYB1T', 'BradSilvia@example.com'),
('SJ44S4C696PB7L4', 'Valentine.Higdon3@nowhere.com'),
('6T4W68VJ38I2LWA', 'GavinKHanlon@example.com'),
('R38M1MML8Y6W58', 'norxuneu_vgshuq@nowhere.com'),
('IO4IOQ99O981121', 'Simpson@nowhere.com'),
('L6WU531NGEKRPZ', 'Ridgeway771@example.com'),
('49W85174RX1J6RO', 'RayAmaya@example.com'),
('3WM9J7852F3T6PT', 'BeverlyN16@example.com'),
('EGT6744B58H48K5', 'Franks@example.com'),
('KT46M89K7MAN3YZ', 'xnwikrm7@example.com'),
('193FC492I7P34C7', 'ycdxhpaj_ivto@example.com'),
('1ZUF9U4U3V45RF9', 'qjebpn60@nowhere.com'),
('GZ619466BLC8E96', 'KittyCoats92@nowhere.com'),
('B5JM3Y6RNQ2L9H2', 'Shandra.Harder4@nowhere.com'),
('84641IS2VLEKG3M', 'CarlenaHorner324@example.com'),
('H9TX2V6962B395', 'Desirae_Schuster@example.com'),
('WZNPE62G8MIFFOB', 'Levy@example.com'),
('3M3TD5KS12246C', 'Acker@example.com'),
('W9A4111U813717', 'llevh822@example.com'),
('ED6PLO5LBEA657N', 'Windham@example.com'),
('MOU913Y9M68J753', 'RosarioCanady462@nowhere.com'),
('527Y4PPRXLR8916', 'ArchieFeliciano@example.com'),
('ZV7E21396Q6YL8G', 'OmerWeber@example.com'),
('J39521A3D579IL1', 'Erwin@example.com'),
('73O2P6F76SIC9UO', 'York@example.com'),
('S4N96X1273H3961', 'xrlh3903@nowhere.com');

--
-- Inserting data into table `leave`
--
INSERT INTO `leave`(employee_id, date, leave_type, reason, state) VALUES
('E9F6BQA34REY2S7', '2019-05-29', 'Casual', 'Necessitatibus illo libero dolorem consequatur quam provident accusamus.', 'Approved'),
('S4N96X1273H3961', '2019-07-05', 'No-Pay', 'Dolorem aspernatur incidunt quae dolore repellat vel in, et nulla.', 'Approved'),
('3WM9J7852F3T6PT', '2019-08-14', 'Annual', 'Aut sit sequi, maiores quam aliquid tenetur voluptatem autem et.', 'Pending'),
('71RGT1644NME7B', '2020-03-07', 'Sick', 'Temporibus molestias ut deleniti perspiciatis est. Exercitationem cum qui.', 'Pending'),
('941FL243C1QR8BJ', '2020-03-07', 'Sick', 'Minus sapiente laudantium et recusandae.', 'Approved'),
('E9F6BQA34REY2S7', '2019-08-14', 'Annual', 'Dolorem et minus. Perspiciatis libero deserunt.', 'Approved'),
('B5JM3Y6RNQ2L9H2', '2019-07-05', 'No-Pay', 'Aliquam repellat aperiam in voluptatem. Eius in et illum aut rerum!', 'Pending'),
('24H3QN82IF9L1M', '2020-03-07', 'Sick', 'Impedit quis et amet est.', 'Pending'),
('7MZGX7J3736P11U', '2019-08-14', 'Annual', 'Quisquam nisi ea tenetur ipsum non est in perspiciatis; ratione expedita.', 'Pending'),
('73O2P6F76SIC9UO', '2019-05-29', 'Casual', 'Sed omnis non velit fugit ratione id. Adipisci et soluta?', 'Approved'),
('71RGT1644NME7B', '2019-07-05', 'No-Pay', 'Qui sit officiis qui doloribus perspiciatis laboriosam rerum vitae voluptatem.', 'Approved'),
('ED6PLO5LBEA657N', '2019-05-29', 'Casual', 'Rerum et unde.', 'Rejected'),
('B5JM3Y6RNQ2L9H2', '2019-08-14', 'Annual', 'Eius ex deserunt nemo quidem voluptates.', 'Pending'),
('KW74KC15W1UYB1T', '2019-08-14', 'Annual', 'Perspiciatis quis, eos sit nobis est quia officia aliquid dolorem.', 'Approved'),
('73O2P6F76SIC9UO', '2020-03-07', 'Sick', 'Exercitationem odit voluptatem.', 'Approved'),
('7MZGX7J3736P11U', '2019-07-05', 'No-Pay', 'Excepturi cumque perspiciatis. Sed officiis veritatis; recusandae eveniet.', 'Pending'),
('3WM9J7852F3T6PT', '2019-05-29', 'Casual', 'Sit quidem numquam accusantium laborum a suscipit rem nihil...', 'Pending'),
('941FL243C1QR8BJ', '2019-07-05', 'No-Pay', 'Sed eos officia, voluptatem aut voluptate voluptatibus id nulla modi;', 'Approved'),
('7MZGX7J3736P11U', '2019-05-29', 'Casual', 'Itaque temporibus perspiciatis natus velit et tenetur porro. Asperiores!', 'Pending'),
('3WM9J7852F3T6PT', '2019-07-05', 'No-Pay', 'Excepturi deserunt unde perferendis quia esse. Facilis sed ut doloremque sed.', 'Rejected'),
('73O2P6F76SIC9UO', '2019-07-05', 'No-Pay', 'Excepturi voluptatem, et impedit qui alias ut maxime fugiat a.', 'Approved'),
('SJ44S4C696PB7L4', '2019-08-14', 'Annual', 'Vero hic sit voluptatem quasi quaerat quo perspiciatis modi. Alias voluptatem.', 'Rejected'),
('71RGT1644NME7B', '2019-08-14', 'Annual', 'Unde iure ea.', 'Rejected'),
('ED6PLO5LBEA657N', '2020-03-07', 'Sick', 'Cupiditate similique totam; ad autem facilis voluptate blanditiis aut eum.', 'Approved'),
('J39521A3D579IL1', '2019-07-05', 'No-Pay', 'Nemo eveniet corrupti distinctio vitae.', 'Rejected'),
('KW74KC15W1UYB1T', '2019-05-29', 'Casual', 'Officia ratione excepturi dolores ut labore nesciunt. Et laboriosam ut error.', 'Pending'),
('RC3DB69N1TXCZS', '2020-03-07', 'Sick', 'Ut odit est reiciendis qui est.', 'Rejected'),
('RC3DB69N1TXCZS', '2019-08-14', 'Annual', 'Sit dolor dolore velit provident quaerat officia eum. Provident molestiae.', 'Pending'),
('ED6PLO5LBEA657N', '2019-07-05', 'No-Pay', 'Dolores autem omnis impedit est laboriosam praesentium fuga.', 'Pending'),
('ED6PLO5LBEA657N', '2019-08-14', 'Annual', 'Quos culpa quia. Culpa nisi harum. Neque similique officiis laborum a sed.', 'Pending'),
('E9F6BQA34REY2S7', '2020-03-07', 'Sick', 'Fuga nemo molestias. Et quis consequatur? Consectetur omnis id et asperiores.', 'Pending'),
('S4N96X1273H3961', '2019-08-14', 'Annual', 'Excepturi perferendis dolores esse adipisci excepturi. Laudantium eos quia.', 'Pending'),
('941FL243C1QR8BJ', '2019-05-29', 'Casual', 'Eos quaerat itaque earum ut eligendi illo ducimus ut.', 'Approved'),
('B5JM3Y6RNQ2L9H2', '2019-05-29', 'Casual', 'Sequi minima ut labore perspiciatis.', 'Approved'),
('73O2P6F76SIC9UO', '2019-08-14', 'Annual', 'Vitae quas nesciunt.', 'Rejected'),
('SJ44S4C696PB7L4', '2020-03-07', 'Sick', 'Cum reprehenderit iste. Omnis consequatur unde et accusantium ut voluptatum.', 'Rejected'),
('KW74KC15W1UYB1T', '2019-07-05', 'No-Pay', 'Numquam et nihil unde laboriosam quam suscipit.', 'Rejected'),
('3WM9J7852F3T6PT', '2020-03-07', 'Sick', 'Impedit ad consectetur nisi. Error soluta reiciendis itaque minima? Voluptas.', 'Rejected'),
('84641IS2VLEKG3M', '2019-07-05', 'No-Pay', 'Nam fugiat omnis culpa voluptatem unde illo doloremque id. Iste labore nostrum;', 'Approved'),
('941FL243C1QR8BJ', '2019-08-14', 'Annual', 'Sed non labore.', 'Approved'),
('7MZGX7J3736P11U', '2020-03-07', 'Sick', 'Sed velit incidunt et voluptas ut ipsum dignissimos et. A voluptatem sed!', 'Rejected'),
('RC3DB69N1TXCZS', '2019-05-29', 'Casual', 'Alias atque numquam dolorum nesciunt sit laborum laudantium nisi. Quos esse.', 'Rejected'),
('RC3DB69N1TXCZS', '2019-07-05', 'No-Pay', 'Sint ut aut iste nisi. Aspernatur consequatur error neque, est odit quia.', 'Pending'),
('71RGT1644NME7B', '2019-05-29', 'Casual', 'Ut aliquid rem. Tempora in est aut amet ex.', 'Approved'),
('SJ44S4C696PB7L4', '2019-05-29', 'Casual', 'Et ipsa tempore qui sequi. Rerum sit molestiae error culpa ut.', 'Approved'),
('SJ44S4C696PB7L4', '2019-07-05', 'No-Pay', 'Voluptas labore ipsum dolorem ipsam. Itaque mollitia autem quia rerum non!', 'Approved'),
('B5JM3Y6RNQ2L9H2', '2020-03-07', 'Sick', 'Vel impedit molestiae non porro excepturi aut saepe.', 'Pending'),
('J39521A3D579IL1', '2019-08-14', 'Annual', 'Soluta a nam fugiat tempora est rerum. Totam labore vel.', 'Approved'),
('KW74KC15W1UYB1T', '2020-03-07', 'Sick', 'Et ut reprehenderit et cum est...', 'Rejected'),
('S4N96X1273H3961', '2019-05-29', 'Casual', 'Tempora vitae deserunt quo omnis consequatur cupiditate. Sed nesciunt velit.', 'Rejected');

--
-- Inserting data into table pay_grade_leave
--
INSERT INTO pay_grade_leave(pay_grade, leave_type, `limit`) VALUES
('Grade-4', 'Sick', 40),
('Grade-3', 'Casual', 47),
('Grade-3', 'Annual', 21),
('Grade-4', 'Annual', 6),
('Grade-1', 'Sick', 16),
('Grade-4', 'Casual', 23),
('Grade-4', 'No-Pay', 54),
('Grade-2', 'No-Pay', 45),
('Grade-2', 'Sick', 0),
('Grade-1', 'No-Pay', 28),
('Grade-3', 'No-Pay', 27),
('Grade-3', 'Sick', 7),
('Grade-2', 'Annual', 7),
('Grade-1', 'Annual', 50),
('Grade-2', 'Casual', 4),
('Grade-1', 'Casual', 56);
COMMIT;
--
-- -- Enable foreign keys
--
/*!40014 SET FOREIGN_KEY_CHECKS=@OLD_FOREIGN_KEY_CHECKS */;

--
-- Creating constraints for employee
--
ALTER TABLE erp.employee 
  ADD CONSTRAINT employee_ibfk_1 FOREIGN KEY (job_title)
    REFERENCES erp.job_title(job_title) ON UPDATE CASCADE;
ALTER TABLE erp.employee 
  ADD CONSTRAINT employee_ibfk_2 FOREIGN KEY (employment_status)
    REFERENCES erp.employment_status(employment_status) ON UPDATE CASCADE;
ALTER TABLE erp.employee 
  ADD CONSTRAINT employee_ibfk_4 FOREIGN KEY (pay_grade)
    REFERENCES erp.pay_grade(pay_grade) ON UPDATE CASCADE;
ALTER TABLE erp.employee 
  ADD CONSTRAINT employee_ibfk_5 FOREIGN KEY (supervisor_id)
    REFERENCES erp.employee(employee_id);
ALTER TABLE erp.employee 
  ADD CONSTRAINT employee_ibfk_6 FOREIGN KEY (dept_name)
    REFERENCES erp.department(dept_name) ON UPDATE CASCADE;

--
-- Creating constraints for dependent
--
ALTER TABLE erp.dependent 
  ADD CONSTRAINT dependent_ibfk_1 FOREIGN KEY (employee_id)
    REFERENCES erp.employee(employee_id);

--
-- Creating constraints for emergency_contact
--
ALTER TABLE erp.emergency_contact 
  ADD CONSTRAINT emergency_contact_ibfk_1 FOREIGN KEY (employee_id)
    REFERENCES erp.employee(employee_id);

--
-- Creating constraints for employee_contact_no
--
ALTER TABLE erp.employee_contact_no 
  ADD CONSTRAINT employee_contact_no_ibfk_1 FOREIGN KEY (employee_id)
    REFERENCES erp.employee(employee_id);

--
-- Creating constraints for employee_custom_attributes
--
ALTER TABLE erp.employee_custom_attributes 
  ADD CONSTRAINT employee_custom_attributes_ibfk_1 FOREIGN KEY (attribute)
    REFERENCES erp.custom_attribute(attribute) ON UPDATE CASCADE;
ALTER TABLE erp.employee_custom_attributes 
  ADD CONSTRAINT employee_custom_attributes_ibfk_2 FOREIGN KEY (employee_id)
    REFERENCES erp.employee(employee_id);

--
-- Creating constraints for employee_email
--
ALTER TABLE erp.employee_email 
  ADD CONSTRAINT employee_email_ibfk_1 FOREIGN KEY (employee_id)
    REFERENCES erp.employee(employee_id);

--
-- Creating constraints for `leave`
--
ALTER TABLE erp.`leave` 
  ADD CONSTRAINT leave_ibfk_1 FOREIGN KEY (employee_id)
    REFERENCES erp.employee(employee_id);
ALTER TABLE erp.`leave` 
  ADD CONSTRAINT leave_ibfk_2 FOREIGN KEY (leave_type)
    REFERENCES erp.leave_type(leave_type) ON UPDATE CASCADE;

--
-- Creating constraints for pay_grade_leave
--
ALTER TABLE erp.pay_grade_leave 
  ADD CONSTRAINT pay_grade_leave_ibfk_1 FOREIGN KEY (pay_grade)
    REFERENCES erp.pay_grade(pay_grade) ON UPDATE CASCADE;
ALTER TABLE erp.pay_grade_leave 
  ADD CONSTRAINT pay_grade_leave_ibfk_2 FOREIGN KEY (leave_type)
    REFERENCES erp.leave_type(leave_type) ON UPDATE CASCADE;